{"cameraMode":{"drawMode":0,"name":"Shaded","section":"Shading Mode"},"sceneLighting":false,"audioPlay":false,"sceneViewState":{"m_AlwaysRefresh":false,"showFog":true,"showSkybox":true,"showFlares":true,"showImageEffects":true,"showParticleSystems":true,"showVisualEffectGraphs":true,"m_FxEnabled":true},"in2DMode":false,"pivot":{"x":-2.478715181350708,"y":1.1280238628387452,"z":11.70479965209961},"rotation":{"x":0.002261010929942131,"y":-0.020655473694205285,"z":0.0002282918430864811,"w":0.9997865557670593},"size":8.558049201965332,"orthographic":false}